id,filename,uploaded,requireSignedURLs,variants
1bedf4f8-733b-4418-34b3-688c80ea3900,ALICE-03.webp,2025-03-08T02:23:30.031Z,False,['https://imagedelivery.net/FfNXKd05SW9wypnlOimQoA/1bedf4f8-733b-4418-34b3-688c80ea3900/public']
5bffc5aa-f070-4b55-d67a-b134d8935400,IMG_3218.webp,2025-03-08T02:23:29.834Z,False,['https://imagedelivery.net/FfNXKd05SW9wypnlOimQoA/5bffc5aa-f070-4b55-d67a-b134d8935400/public']
7f07497c-ed67-434e-21bb-fa8ada790100,3.webp,2025-03-08T02:23:29.458Z,False,['https://imagedelivery.net/FfNXKd05SW9wypnlOimQoA/7f07497c-ed67-434e-21bb-fa8ada790100/public']
1a695a16-67e3-427b-fd05-430b1c1d1000,5.webp,2025-03-08T02:23:29.145Z,False,['https://imagedelivery.net/FfNXKd05SW9wypnlOimQoA/1a695a16-67e3-427b-fd05-430b1c1d1000/public']
50137b19-8d82-4653-32f8-9f8a4a7e4d00,05.webp,2025-03-08T02:23:29.127Z,False,['https://imagedelivery.net/FfNXKd05SW9wypnlOimQoA/50137b19-8d82-4653-32f8-9f8a4a7e4d00/public']
585cef84-e9d9-4ed4-5e8b-1c6d715c0600,6.webp,2025-03-08T02:23:28.968Z,False,['https://imagedelivery.net/FfNXKd05SW9wypnlOimQoA/585cef84-e9d9-4ed4-5e8b-1c6d715c0600/public']
dc00ddd1-e4be-4ab6-6bb7-344142e6e900,IMG_843807.webp,2025-03-08T02:23:28.959Z,False,['https://imagedelivery.net/FfNXKd05SW9wypnlOimQoA/dc00ddd1-e4be-4ab6-6bb7-344142e6e900/public']
3107fb21-0e78-43bf-84df-9470fca24400,2.1.webp,2025-03-08T02:23:28.672Z,False,['https://imagedelivery.net/FfNXKd05SW9wypnlOimQoA/3107fb21-0e78-43bf-84df-9470fca24400/public']
986de8a5-c7fa-4929-656a-d5be77acc300,ALICE-1.1.webp,2025-03-08T02:23:28.628Z,False,['https://imagedelivery.net/FfNXKd05SW9wypnlOimQoA/986de8a5-c7fa-4929-656a-d5be77acc300/public']
71336eba-4e73-469f-ee46-2e5b4e602b00,2.webp,2025-03-08T02:23:28.591Z,False,['https://imagedelivery.net/FfNXKd05SW9wypnlOimQoA/71336eba-4e73-469f-ee46-2e5b4e602b00/public']
8804226c-ab9a-42ae-9fda-5c703a96a900,4.webp,2025-03-08T02:23:28.492Z,False,['https://imagedelivery.net/FfNXKd05SW9wypnlOimQoA/8804226c-ab9a-42ae-9fda-5c703a96a900/public']
0b31b1ae-7586-4858-2194-7b0f4675fd00,7.webp,2025-03-08T02:23:28.481Z,False,['https://imagedelivery.net/FfNXKd05SW9wypnlOimQoA/0b31b1ae-7586-4858-2194-7b0f4675fd00/public']
3e48ba50-825f-44a6-198d-dd6c8d9dc600,01.webp,2025-03-08T02:23:28.312Z,False,['https://imagedelivery.net/FfNXKd05SW9wypnlOimQoA/3e48ba50-825f-44a6-198d-dd6c8d9dc600/public']
f5349a6f-9d56-4213-9c24-930d22367e00,ALICE-EDGE-03.webp,2025-03-08T02:23:28.299Z,False,['https://imagedelivery.net/FfNXKd05SW9wypnlOimQoA/f5349a6f-9d56-4213-9c24-930d22367e00/public']
5eb65730-c95a-4243-70ce-0387f17e6100,06.webp,2025-03-08T02:23:28.256Z,False,['https://imagedelivery.net/FfNXKd05SW9wypnlOimQoA/5eb65730-c95a-4243-70ce-0387f17e6100/public']
1889ccc2-8a56-4dc9-588a-b0c663263e00,1.webp,2025-03-08T02:23:28.162Z,False,['https://imagedelivery.net/FfNXKd05SW9wypnlOimQoA/1889ccc2-8a56-4dc9-588a-b0c663263e00/public']
1211250a-6c65-4ef9-6f00-89ae16420300,02.webp,2025-03-08T02:23:27.690Z,False,['https://imagedelivery.net/FfNXKd05SW9wypnlOimQoA/1211250a-6c65-4ef9-6f00-89ae16420300/public']
e2e5e17b-cb1e-4726-b7d1-99318e131c00,07.webp,2025-03-08T02:23:27.634Z,False,['https://imagedelivery.net/FfNXKd05SW9wypnlOimQoA/e2e5e17b-cb1e-4726-b7d1-99318e131c00/public']
d8a7bf74-5751-4236-51a3-df6d3cd9ae00,03.webp,2025-03-08T02:23:27.439Z,False,['https://imagedelivery.net/FfNXKd05SW9wypnlOimQoA/d8a7bf74-5751-4236-51a3-df6d3cd9ae00/public']
